Наименование товара,Цена (отпускная),Остаток,Производитель,Страна,Код (внутренний артикул),Штрих-код,Баркод,Единица измерения остатков,Описание
5 ДНЕЙ КРЕМ Д/НОГ ЗАЖИВЛЯЮЩИЙ МАСЛО ЧАЙН ДЕРЕВА 30Г.,"50,90","3,000", ,,88932,4300007609234,,Шт., 
5 ДНЕЙ КРЕМ Д/НОГ ЗАЖИВЛЯЮЩИЙ МАСЛО ЧАЙН ДЕРЕВА 30Г.,"51,00","1,000", ,,88932,4300007623568,,Шт., 
5 ДНЕЙ КРЕМ Д/НОГ ЗАЖИВЛЯЮЩИЙ МАСЛО ЧАЙН ДЕРЕВА 30Г.,"49,20","1,000", ,,88932,4300007642798,,Шт., 
5 ДНЕЙ КРЕМ Д/НОГ ЗАЖИВЛЯЮЩИЙ МАСЛО ЧАЙН ДЕРЕВА 30Г.,"42,90","1,000", ,,88932,4300006841819,,Шт., 
5 ДНЕЙ КРЕМ Д/НОГ ЗАЖИВЛЯЮЩИЙ МАСЛО ЧАЙН ДЕРЕВА 30Г.,"48,00","1,000", ,,88932,4300007177177,,Шт., 
5 ДНЕЙ КРЕМ Д/НОГ ЗАЖИВЛЯЮЩИЙ МАСЛО ЧАЙН ДЕРЕВА 30Г.,"44,40","1,000", ,,88932,4300007324120,,Шт., 
5 ДНЕЙ КРЕМ Д/НОГ ЗАЖИВЛЯЮЩИЙ МАСЛО ЧАЙН ДЕРЕВА 30Г.,"44,10","1,000", ,,88932,4300007439855,,Шт., 
5 ДНЕЙ КРЕМ Д/НОГ ЗАЖИВЛЯЮЩИЙ МАСЛО ЧАЙН ДЕРЕВА 30Г.,"51,90","1,000", ,,88932,4300007490825,,Шт., 
5 ДНЕЙ КРЕМ Д/НОГ ЗАЖИВЛЯЮЩИЙ/ОБЛЕПИХА 30Г,"45,50","1,000", ,,10004026,4300007259798,,Шт., 
5 ДНЕЙ КРЕМ Д/НОГ ЗАЖИВЛЯЮЩИЙ/ОБЛЕПИХА 30Г,"48,10","1,000", ,,10004026,4300007406673,,Шт., 
5 ДНЕЙ КРЕМ Д/НОГ ЗАЖИВЛЯЮЩИЙ/ОБЛЕПИХА 30Г,"56,90","2,000", ,,10004026,4300007468930,,Шт., 
5 ДНЕЙ КРЕМ Д/НОГ ЗАЖИВЛЯЮЩИЙ/ОБЛЕПИХА 30Г,"55,00","1,000", ,,10004026,4300007498418,,Шт., 
5 ДНЕЙ КРЕМ Д/НОГ О/ПОТА/ЗАПАХА 30Г,"49,70","2,000", ,,87613,4300007649599,,Шт., 
5 ДНЕЙ КРЕМ Д/НОГ О/ПОТА/ЗАПАХА 30Г,"50,50","1,000", ,,87613,4300006511637,,Шт., 
5 ДНЕЙ КРЕМ Д/НОГ О/ПОТА/ЗАПАХА 30Г,"52,40","1,000", ,,87613,4300007083003,,Шт., 
5 ДНЕЙ КРЕМ Д/НОГ О/ПОТА/ЗАПАХА 30Г,"51,20","1,000", ,,87613,4300007167178,,Шт., 
5 ДНЕЙ КРЕМ Д/НОГ О/ПОТА/ЗАПАХА 30Г,"46,20","2,000", ,,87613,4300007296083,,Шт., 
5 ДНЕЙ КРЕМ Д/НОГ О/ПОТА/ЗАПАХА 30Г,"50,30","1,000", ,,87613,4300007427692,,Шт., 
5 ДНЕЙ КРЕМ Д/НОГ О/ПОТА/ЗАПАХА 30Г,"53,20","1,000", ,,87613,4300007466752,,Шт., 
5 ДНЕЙ КРЕМ Д/НОГ О/ПОТА/ЗАПАХА 30Г,"54,00","2,000", ,,87613,4300007493253,,Шт., 
5 ДНЕЙ КРЕМ Д/НОГ О/ТРЕЩИН 30Г,"50,00","1,000", ,,99021,4300007632546,,Шт., 
5 ДНЕЙ КРЕМ Д/НОГ О/ТРЕЩИН 30Г,"44,90","2,000", ,,99021,4300007650328,,Шт., 
5 ДНЕЙ КРЕМ Д/НОГ О/ТРЕЩИН 30Г,"38,90","1,000", ,,99021,4300006841826,,Шт., 
5 ДНЕЙ КРЕМ Д/НОГ О/ТРЕЩИН 30Г,"40,50","1,000", ,,99021,4300006895065,,Шт., 
5 ДНЕЙ КРЕМ Д/НОГ О/ТРЕЩИН 30Г,"39,20","2,000", ,,99021,4300006935136,,Шт., 
5 ДНЕЙ КРЕМ Д/НОГ О/ТРЕЩИН 30Г,"39,80","1,000", ,,99021,4300007218597,,Шт., 
5 ДНЕЙ КРЕМ Д/НОГ О/ТРЕЩИН 30Г,"39,10","2,000", ,,99021,4300007401258,,Шт., 
5 ДНЕЙ КРЕМ Д/НОГ О/ТРЕЩИН 30Г,"43,00","1,000", ,,99021,4300007445054,,Шт., 
5 ДНЕЙ КРЕМ Д/НОГ О/ТРЕЩИН 30Г,"43,60","5,000", ,,99021,4300007466691,,Шт., 
5 ДНЕЙ КРЕМ Д/НОГ О/ТРЕЩИН 30Г,"44,70","1,000", ,,99021,4300007497039,,Шт., 
"5 ДНЕЙ крем д/ног от усталости 30,0 -","43,80","1,000", ,,108907,4300005557124,,Шт., 
5 ДНЕЙ КРЕМ Д/НОГ УВЛАЖНЯЮЩИЙ МАСЛО ВИНОГРАДНОЙ КОСТОЧКИ 30Г,"43,60","1,000", ,,94293,4300007556026,,Шт., 
5 ДНЕЙ КРЕМ Д/НОГ УВЛАЖНЯЮЩИЙ МАСЛО ВИНОГРАДНОЙ КОСТОЧКИ 30Г,"43,60","1,000", ,,94293,4300007568845,,Шт., 
5 ДНЕЙ КРЕМ Д/НОГ УВЛАЖНЯЮЩИЙ МАСЛО ВИНОГРАДНОЙ КОСТОЧКИ 30Г,"49,40","3,000", ,,94293,4300007630719,,Шт., 
5 ДНЕЙ КРЕМ Д/НОГ УВЛАЖНЯЮЩИЙ МАСЛО ВИНОГРАДНОЙ КОСТОЧКИ 30Г,"36,60","1,000", ,,94293,4300007186360,,Шт., 
5 ДНЕЙ КРЕМ Д/НОГ УВЛАЖНЯЮЩИЙ МАСЛО ВИНОГРАДНОЙ КОСТОЧКИ 30Г,"42,00","1,000", ,,94293,4300007475174,,Шт., 
5 ДНЕЙ ЛОСЬОН Д/НОГ ОТ ПОТА И ЗАПАХА ФЛ. 50МЛ,"36,30","1,000", ,,102907,4300006400979,,Шт., 
5 ДНЕЙ ЛОСЬОН Д/НОГ ОТ ПОТА И ЗАПАХА ФЛ. 50МЛ,"35,30","3,000", ,,102907,4300006494527,,Шт., 
5 ДНЕЙ ЛОСЬОН Д/НОГ ОТ ПОТА И ЗАПАХА ФЛ. 50МЛ,"39,20","2,000", ,,102907,4300007006095,,Шт., 
5 ДНЕЙ ЛОСЬОН Д/НОГ ОТ ПОТА И ЗАПАХА ФЛ. 50МЛ,"40,20","2,000", ,,102907,4300007467186,,Шт., 
5 ДНЕЙ ПАСТА Д/НОГ П/МОЗОЛЬНАЯ 10Г,"47,40","1,000", ,,98528,4300007573146,,Шт., 
5 ДНЕЙ ПАСТА Д/НОГ П/МОЗОЛЬНАЯ 10Г,"52,90","1,000", ,,98528,4300007577359,,Шт., 
5 ДНЕЙ ПАСТА Д/НОГ П/МОЗОЛЬНАЯ 10Г,"42,40","1,000", ,,98528,4300006042988,,Шт., 
5 ДНЕЙ ПАСТА Д/НОГ П/МОЗОЛЬНАЯ 10Г,"44,20","1,000", ,,98528,4300007093200,,Шт., 
5 ДНЕЙ ПАСТА Д/НОГ П/МОЗОЛЬНАЯ 10Г,"42,50","1,000", ,,98528,4300007151344,,Шт., 
5 ДНЕЙ ПАСТА Д/НОГ П/МОЗОЛЬНАЯ 10Г,"40,80","1,000", ,,98528,4300007429030,,Шт., 
"5 ДНЕЙ ПУДРА Д/НОГ ОТ ПОТА И ЗАПАХА 120,0","118,00","1,000", ,,103960,4300003933753,,Шт., 
"5 ДНЕЙ ПУДРА Д/НОГ ОТ ПОТА И ЗАПАХА 120,0","93,40","1,000", ,,103960,4300007339742,,Шт., 
5 ДНЕЙ СР-ВО Д/НОГ О/ПОТА/ЗАПАХА ПАК 2Г №10,"31,60","2,000", ,,82011,4300007573153,,Шт., 
5 ДНЕЙ СР-ВО Д/НОГ О/ПОТА/ЗАПАХА ПАК 2Г №10,"31,10","2,000", ,,82011,4300007665803,,Шт., 
5 ДНЕЙ СР-ВО Д/НОГ О/ПОТА/ЗАПАХА ПАК 2Г №10,"30,10","1,000", ,,82011,4300006462458,,Шт., 
5 ДНЕЙ СР-ВО Д/НОГ О/ПОТА/ЗАПАХА ПАК 2Г №10,"26,30","1,000", ,,82011,4300007247269,,Шт., 
5 ДНЕЙ СР-ВО Д/НОГ О/ПОТА/ЗАПАХА ПАК 2Г №10,"28,60","3,000", ,,82011,4300007385558,,Шт., 
5 ДНЕЙ СР-ВО Д/НОГ О/ПОТА/ЗАПАХА ПАК 2Г №10,"31,20","2,000", ,,82011,4300007467193,,Шт., 
5-НОК ДР 50МГ №50,"181,90","1,000", ,,73355,4300007581202,,Шт.,Нитроксолин
5-НОК ДР 50МГ №50,"160,40","1,000", ,,73355,4300007641166,,Шт.,Нитроксолин
5-НОК ДР 50МГ №50,"165,50","1,000", ,,73355,4300007641616,,Шт.,Нитроксолин
5-НОК ДР 50МГ №50,"165,50","1,000", ,,73355,4300007643016,,Шт.,Нитроксолин
5-НОК ДР 50МГ №50,"117,60","1,000", ,,73355,4300005654595,,Шт.,Нитроксолин
5-НОК ДР 50МГ №50,"117,60","1,000", ,,73355,4300006291447,,Шт.,Нитроксолин
5-НОК ДР 50МГ №50,"150,50","1,000", ,,73355,4300006834392,,Шт.,Нитроксолин
5-НОК ДР 50МГ №50,"158,40","2,000", ,,73355,4300007440530,,Шт.,Нитроксолин
9 МЕСЯЦЕВ ЗУБНАЯ ПАСТА ПРЕГНАДЕНТ 50МЛ,"119,80","1,000", ,,102949,4300006610569,,Шт., 
9 МЕСЯЦЕВ ЗУБНАЯ ПАСТА ПРЕГНАДЕНТ 50МЛ,"109,60","1,000", ,,102949,4300006759039,,Шт., 
9 МЕСЯЦЕВ ЗУБНАЯ ПАСТА ПРЕГНАДЕНТ 50МЛ,"115,60","1,000", ,,102949,4300007061070,,Шт., 
9 МЕСЯЦЕВ КРЕМ Д/ПРОФ/КОРРЕКЦ РАСТЯЖ 150МЛ,"463,50","1,000", ,,100341,4300007556279,,Шт., 
9 МЕСЯЦЕВ КРЕМ Д/ПРОФ/КОРРЕКЦ РАСТЯЖ 150МЛ,"279,90","1,000", ,,100341,4300006505810,,Шт., 
9 МЕСЯЦЕВ КРЕМ Д/ПРОФ/КОРРЕКЦ РАСТЯЖ 150МЛ,"296,10","1,000", ,,100341,4300007371322,,Шт., 
9 МЕСЯЦЕВ ОМЕГАМАМА КАПС №30,"339,70","1,000", ,,114099,4300007667326,,Шт., 
9 МЕСЯЦЕВ ОМЕГАМАМА КАПС №30,"247,60","1,000", ,,114099,4300006445482,,Шт., 
9 МЕСЯЦЕВ ОМЕГАМАМА КАПС №30,"358,30","1,000", ,,114099,4300007474641,,Шт., 
9 МЕСЯЦЕВ ОМЕГАМАМА КАПС №30,"369,50","1,000", ,,114099,4300007505963,,Шт., 
9 МЕСЯЦЕВ САЛФЕТКИ Д/ИНТИМНОЙ ГИГИЕНЫ N15 -,"61,20","1,000", ,,99305,4300006508187,,Шт., 
"9 МЕСЯЦЕВ ФОЛИЕВАЯ К-ТА 0,0004 N30 ТАБЛ П/О","113,00","1,000", ,,114093,4300007429412,,Шт., 
"9 МЕСЯЦЕВ ФОЛИЕВАЯ К-ТА 0,0004 N30 ТАБЛ П/О","109,50","1,000", ,,114093,4300007443685,,Шт., 
911 БАДЯГА ГЕЛЬ Д/ТЕЛА ТУБА 100МЛ,"65,60","1,000", ,,112225,4300007537964,,Шт., 
911 БАДЯГА ГЕЛЬ Д/ТЕЛА ТУБА 100МЛ,"76,40","1,000", ,,112225,4300007568388,,Шт., 
911 БАДЯГА ГЕЛЬ Д/ТЕЛА ТУБА 100МЛ,"55,60","1,000", ,,112225,4300007216883,,Шт., 
911 БАДЯГА СР-ВО ОТ СИНЯКОВ И УШИБОВ 100МЛ,"66,00","1,000", ,,93159,4300007558358,,Шт., 
911 БАДЯГА СР-ВО ОТ СИНЯКОВ И УШИБОВ 100МЛ,"60,50","1,000", ,,93159,4300003766269,,Шт., 
911 БАДЯГА СР-ВО ОТ СИНЯКОВ И УШИБОВ 100МЛ,"72,70","1,000", ,,93159,4300007613910,,Шт., 
911 БАДЯГА СР-ВО ОТ СИНЯКОВ И УШИБОВ 100МЛ,"67,70","1,000", ,,93159,4300007639156,,Шт., 
911 БАДЯГА СР-ВО ОТ СИНЯКОВ И УШИБОВ 100МЛ,"57,10","1,000", ,,93159,4300007652858,,Шт., 
911 БАДЯГА СР-ВО ОТ СИНЯКОВ И УШИБОВ 100МЛ,"69,50","1,000", ,,93159,4300007673747,,Шт., 
911 БАДЯГА СР-ВО ОТ СИНЯКОВ И УШИБОВ 100МЛ,"69,50","3,000", ,,93159,4300007674188,,Шт., 
911 БАДЯГА СР-ВО ОТ СИНЯКОВ И УШИБОВ 100МЛ,"54,20","1,000", ,,93159,4300007377942,,Шт., 
911 БАЛЬЗАМ ЛУКОВЫЙ П/ВЫПАД/ОБЛЫСЕН ВОЛОС 150МЛ,"133,70","1,000", ,,10011374,4300007554244,,Шт., 
911 БАЛЬЗАМ ЛУКОВЫЙ П/ВЫПАД/ОБЛЫСЕН ВОЛОС 150МЛ,"120,90","1,000", ,,10011374,4300007642170,,Шт., 
911 ВЕНОЛГОН ГЕЛЬ Д/НОГ 100МЛ,"78,50","2,000", ,,94020,4300007576505,,Шт., 
911 ВЕНОЛГОН ГЕЛЬ Д/НОГ 100МЛ,"71,10","1,000", ,,94020,4300007644594,,Шт., 
911 ВЕНОЛГОН ГЕЛЬ Д/НОГ 100МЛ,"61,20","2,000", ,,94020,4300007420976,,Шт., 
911 ГЕЛЬ-БАЛЬЗАМ ДЛЯ НОГ С КОНСКИМ КАШТАНОМ ТУБА 100МЛ,"69,60","2,000", ,,10001666,4300007599467,,Шт., 
911 ГЕЛЬ-БАЛЬЗАМ ДЛЯ НОГ С КОНСКИМ КАШТАНОМ ТУБА 100МЛ,"58,40","1,000", ,,10001666,4300007336406,,Шт., 
911 ГЕЛЬ-БАЛЬЗАМ ДЛЯ НОГ С КОНСКИМ КАШТАНОМ ТУБА 100МЛ,"68,20","1,000", ,,10001666,4300007467209,,Шт., 
911 ГЕЛЬ-БАЛЬЗАМ ДЛЯ ТЕЛА ПРИ БОЛИ В СУСТАВАХ С БИШОФИТОМ ТУБА 100МЛ,"70,20","1,000", ,,10002658,4300007567084,, , 
911 ГЕЛЬ-БАЛЬЗАМ ДЛЯ ТЕЛА ПРИ БОЛИ В СУСТАВАХ С БИШОФИТОМ ТУБА 100МЛ,"59,00","1,000", ,,10002658,4300006955042,, , 
911 ГЕЛЬ-БАЛЬЗАМ ДЛЯ ТЕЛА ПРИ БОЛИ В СУСТАВАХ С БИШОФИТОМ ТУБА 100МЛ,"56,60","1,000", ,,10002658,4300007311199,, , 
911 ГРИБКОСЕПТ ГЕЛЬ Д/РУК/НОГ 100МЛ,"61,20","1,000", ,,100279,4300007537742,,Шт., 
911 ГРИБКОСЕПТ ГЕЛЬ Д/РУК/НОГ 100МЛ,"66,50","1,000", ,,100279,4300007627474,,Шт., 
911 ГРИБКОСЕПТ ГЕЛЬ Д/РУК/НОГ 100МЛ,"53,40","1,000", ,,100279,4300006707757,,Шт., 
911 ГРИБКОСЕПТ ГЕЛЬ Д/РУК/НОГ 100МЛ,"56,90","1,000", ,,100279,4300007485685,,Шт., 
911 ЗАЖИВИН СР-ВО Д/НОГ ОТ ТРЕЩИН СТУПНЕЙ 100МЛ,"54,20","5,000", ,,96223,4300006164475,,Шт., 
911 ЗАЖИВИН СР-ВО Д/НОГ ОТ ТРЕЩИН СТУПНЕЙ 100МЛ,"57,10","1,000", ,,96223,4300006341227,,Шт., 
911 ЗАЖИВИН СР-ВО Д/НОГ ОТ ТРЕЩИН СТУПНЕЙ 100МЛ,"55,30","1,000", ,,96223,4300006795242,,Шт., 
911 ЗАЖИВИН СР-ВО Д/НОГ ОТ ТРЕЩИН СТУПНЕЙ 100МЛ,"59,40","2,000", ,,96223,4300007384193,,Шт., 
911 ЗАЖИВИН СР-ВО Д/НОГ ОТ ТРЕЩИН СТУПНЕЙ 100МЛ,"62,50","1,000", ,,96223,4300007514996,,Шт., 
911 МУРАВЬИНАЯ к-а/Окопник гель-бальз д/сус разогревающий 100мл,"77,40","1,000", ,,101425,4300007653787,,Шт., 
911 МУРАВЬИНАЯ к-а/Окопник гель-бальз д/сус разогревающий 100мл,"77,70","1,000", ,,101425,4300005784353,,Шт., 
911 НАМОЗОЛЬ КРЕМ О/СУХ.МОЗ И НАТОПТЫШЕЙ 100МЛ,"71,60","1,000", ,,10004684,4300007566858,,Шт., 
911 НАМОЗОЛЬ КРЕМ О/СУХ.МОЗ И НАТОПТЫШЕЙ 100МЛ,"73,20","1,000", ,,10004684,4300007581790,,Шт., 
911 НАМОЗОЛЬ КРЕМ О/СУХ.МОЗ И НАТОПТЫШЕЙ 100МЛ,"68,80","1,000", ,,10004684,4300007606509,,Шт., 
911 НАМОЗОЛЬ КРЕМ О/СУХ.МОЗ И НАТОПТЫШЕЙ 100МЛ,"61,70","1,000", ,,10004684,4300005883261,,Шт., 
911 НАМОЗОЛЬ КРЕМ О/СУХ.МОЗ И НАТОПТЫШЕЙ 100МЛ,"67,00","2,000", ,,10004684,4300006108547,,Шт., 
911 НАМОЗОЛЬ КРЕМ О/СУХ.МОЗ И НАТОПТЫШЕЙ 100МЛ,"63,50","1,000", ,,10004684,4300007007900,,Шт., 
911 НАМОЗОЛЬ КРЕМ О/СУХ.МОЗ И НАТОПТЫШЕЙ 100МЛ,"61,40","1,000", ,,10004684,4300007400909,,Шт., 
911 НЕПОТИН ГЕЛЬ Д/НОГ ТУБА 100МЛ,"68,00","1,000", ,,112228,4300007614658,,Шт., 
911 НЕПОТИН ГЕЛЬ Д/НОГ ТУБА 100МЛ,"70,10","1,000", ,,112228,4300007631174,,Шт., 
911 НЕПОТИН ГЕЛЬ Д/НОГ ТУБА 100МЛ,"60,80","1,000", ,,112228,4300006046542,,Шт., 
911 НЕПОТИН ГЕЛЬ Д/НОГ ТУБА 100МЛ,"62,80","2,000", ,,112228,4300007285476,,Шт., 
911 НЕПОТИН СР-ВО Д/НОГ ОТ ПОТА 100МЛ,"82,60","1,000", ,,100282,4300007576840,,Шт., 
911 ОКОПНИК ГЕЛЬ-БАЛЬЗАМ ОТ БОЛИ В СУСТАВАХ 100МЛ,"79,00","1,000", ,,10010385,4300007562621,,Шт., 
911 ПЧЕЛИНЫЙ ЯД ГЕЛЬ-БАЛЬЗАМ Д/СУСТАВОВ 100МЛ,"83,60","1,000", ,,113179,4300007611466,,Шт., 
911 ПЧЕЛИНЫЙ ЯД ГЕЛЬ-БАЛЬЗАМ Д/СУСТАВОВ 100МЛ,"79,50","1,000", ,,113179,4300007644600,,Шт., 
911 ПЧЕЛИНЫЙ ЯД ГЕЛЬ-БАЛЬЗАМ Д/СУСТАВОВ 100МЛ,"74,40","1,000", ,,113179,4300007665421,,Шт., 
911 ПЧЕЛИНЫЙ ЯД ГЕЛЬ-БАЛЬЗАМ Д/СУСТАВОВ 100МЛ,"61,90","1,000", ,,113179,4300005698964,,Шт., 
911 ПЧЕЛИНЫЙ ЯД ГЕЛЬ-БАЛЬЗАМ Д/СУСТАВОВ 100МЛ,"64,30","2,000", ,,113179,4300007283083,,Шт., 
911 ПЧЕЛИНЫЙ ЯД ГЕЛЬ-БАЛЬЗАМ Д/СУСТАВОВ 100МЛ,"74,30","1,000", ,,113179,4300007457170,,Шт., 
911 ПЧЕЛИНЫЙ ЯД ГЕЛЬ-БАЛЬЗАМ Д/СУСТАВОВ 100МЛ,"76,70","1,000", ,,113179,4300007490832,,Шт., 
911 РЕВМАЛГОН ГЕЛЬ Д/ТЕЛА 100МЛ,"72,60","2,000", ,,100660,4300007611473,,Шт., 
911 РЕВМАЛГОН ГЕЛЬ Д/ТЕЛА 100МЛ,"63,90","1,000", ,,100660,4300007649605,,Шт., 
911 РЕВМАЛГОН ГЕЛЬ Д/ТЕЛА 100МЛ,"63,90","1,000", ,,100660,4300007649964,,Шт., 
911 РЕВМАЛГОН ГЕЛЬ Д/ТЕЛА 100МЛ,"71,00","1,000", ,,100660,4300007670906,,Шт., 
911 РЕВМАЛГОН ГЕЛЬ Д/ТЕЛА 100МЛ,"71,00","3,000", ,,100660,4300007682145,,Шт., 
911 РЕВМАЛГОН ГЕЛЬ Д/ТЕЛА 100МЛ,"71,00","1,000", ,,100660,4300007682879,,Шт., 
911 РЕВМАЛГОН ГЕЛЬ Д/ТЕЛА 100МЛ,"51,80","1,000", ,,100660,4300007086394,,Шт., 
911 РЕВМАЛГОН ГЕЛЬ Д/ТЕЛА 100МЛ,"50,80","1,000", ,,100660,4300007233910,,Шт., 
911 С ЭКСТРАКТОМ ПИЯВКИ ГЕЛЬ-БАЛЬЗАМ Д/СУСТАВОВ 100МЛ,"65,80","1,000", ,,111828,4300006034532,,Шт., 
911 С ЭКСТРАКТОМ ПИЯВКИ ГЕЛЬ-БАЛЬЗАМ Д/СУСТАВОВ 100МЛ,"73,70","1,000", ,,111828,4300007474979,,Шт., 
911 САБЕЛЬНИК ГЕЛЬ-БАЛЬЗАМ Д/СУСТАВОВ 100МЛ,"65,10","2,000", ,,100273,4300007560610,,Шт., 
911 САБЕЛЬНИК ГЕЛЬ-БАЛЬЗАМ Д/СУСТАВОВ 100МЛ,"69,20","1,000", ,,100273,4300007566865,,Шт., 
911 САБЕЛЬНИК ГЕЛЬ-БАЛЬЗАМ Д/СУСТАВОВ 100МЛ,"69,60","1,000", ,,100273,4300007616058,,Шт., 
911 САБЕЛЬНИК ГЕЛЬ-БАЛЬЗАМ Д/СУСТАВОВ 100МЛ,"75,50","2,000", ,,100273,4300007630177,,Шт., 
911 САБЕЛЬНИК ГЕЛЬ-БАЛЬЗАМ Д/СУСТАВОВ 100МЛ,"73,70","1,000", ,,100273,4300007673488,,Шт., 
911 САБЕЛЬНИК ГЕЛЬ-БАЛЬЗАМ Д/СУСТАВОВ 100МЛ,"55,20","1,000", ,,100273,4300006281295,,Шт., 
911 САБЕЛЬНИК ГЕЛЬ-БАЛЬЗАМ Д/СУСТАВОВ 100МЛ,"59,30","1,000", ,,100273,4300006657007,,Шт., 
911 САБЕЛЬНИК ГЕЛЬ-БАЛЬЗАМ Д/СУСТАВОВ 100МЛ,"56,50","1,000", ,,100273,4300007072335,,Шт., 
911 САБЕЛЬНИК ГЕЛЬ-БАЛЬЗАМ Д/СУСТАВОВ 100МЛ,"57,20","1,000", ,,100273,4300007370684,,Шт., 
911 ТРАВМАЛГОН ГЕЛЬ Д/ТЕЛА 100МЛ,"71,40","1,000", ,,94902,4300007602396,,Шт., 
911 ТРАВМАЛГОН ГЕЛЬ Д/ТЕЛА 100МЛ,"54,60","1,000", ,,94902,4300007400510,,Шт., 
911 ТРАВМАЛГОН ГЕЛЬ Д/ТЕЛА 100МЛ,"58,40","1,000", ,,94902,4300007465434,,Шт., 
911 ТРАВМАЛГОН ГЕЛЬ Д/ТЕЛА 100МЛ,"57,60","1,000", ,,94902,4300007492522,,Шт., 
911 УГРИСЕПТ ГЕЛЬ Д/ЛИЦА ТУБА 100МЛ,"53,90","1,000", ,,100276,4300007379717,,Шт., 
911 ХОНДРОИТИН ГЕЛЬ-БАЛЬЗАМ Д/СУСТАВОВ 100МЛ,"89,20","2,000", ,,108811,4300007646574,,Шт., 
911 ХОНДРОИТИН ГЕЛЬ-БАЛЬЗАМ Д/СУСТАВОВ 100МЛ,"83,80","1,000", ,,108811,4300007665438,,Шт., 
911 ХОНДРОИТИН ГЕЛЬ-БАЛЬЗАМ Д/СУСТАВОВ 100МЛ,"77,40","2,000", ,,108811,4300006606975,,Шт., 
911 ХОНДРОИТИН ГЕЛЬ-БАЛЬЗАМ Д/СУСТАВОВ 100МЛ,"70,00","1,000", ,,108811,4300006843578,,Шт., 
911 ХОНДРОИТИН ГЕЛЬ-БАЛЬЗАМ Д/СУСТАВОВ 100МЛ,"72,00","1,000", ,,108811,4300007138840,,Шт., 
911 ХОНДРОИТИН ГЕЛЬ-БАЛЬЗАМ Д/СУСТАВОВ 100МЛ,"71,30","1,000", ,,108811,4300007246750,,Шт., 
911 ХОНДРОИТИН ГЕЛЬ-БАЛЬЗАМ Д/СУСТАВОВ 100МЛ,"69,10","1,000", ,,108811,4300007247276,,Шт., 
911 ХОНДРОИТИН ГЕЛЬ-БАЛЬЗАМ Д/СУСТАВОВ 100МЛ,"75,50","3,000", ,,108811,4300007434034,,Шт., 
911 ШАМПУНЬ ВИТАМИННЫЙ 150МЛ,"131,60","1,000", ,,10011034,4300007550697,,Шт., 
911 ШАМПУНЬ ЛУКОВЫЙ ОТ ВЫПАДЕНИЯ И ОБЛЫСЕНИЯ ВОЛОС 150МЛ,"113,10","1,000", ,,10006510,4300007558983,,Шт., 
911 ШАМПУНЬ ЛУКОВЫЙ ОТ ВЫПАДЕНИЯ И ОБЛЫСЕНИЯ ВОЛОС 150МЛ,"126,30","1,000", ,,10006510,4300007649971,,Шт., 
D`oliva крем д/лица ночной с миндальным маслом 50мл,"178,60","0,670", ,,78323,3300000744971,,Шт., 
NUK Аспиратор,"196,60","1,000", ,,10012967,4300007340298,,Шт., 
NUK Аспиратор,"196,60","2,000", ,,10012967,4300007443470,,Шт., 
NUK Бутылочка из полипропилена Baby Blue с силиконовой соской First Choice+ 300 (0 - 6 мес) М,"319,70","1,000", ,,10012995,4300007348256,,Шт., 
NUK Бутылочка из полипропилена Baby Blue с силиконовой соской First Choice+ 300 (0 - 6 мес) М,"319,70","1,000", ,,10012995,4300007443135,,Шт., 
NUK Бутылочка из полипропилена Baby Rose с силиконовой соской First Choice 150 (0 - 6 мес) М,"292,00","1,000", ,,10013083,4300007443128,,Шт., 
NUK Бутылочка из полипропилена с латексной соской Classic 110 мл. (0 - 6 мес.),"203,60","1,000", ,,10012979,4300007340519,,Шт., 
NUK Бутылочка из полипропилена с латексной соской Classic 110 мл. (0 - 6 мес.),"203,70","1,000", ,,10012979,4300007443104,,Шт., 
NUK Бутылочка из полипропилена с силиконовой соской Classic 110 мл. (0 - 6 мес.),"222,10","1,000", ,,10012978,4300007340502,,Шт., 
NUK Бутылочка из полипропилена с силиконовой соской Classic 110 мл. (0 - 6 мес.),"222,30","1,000", ,,10012978,4300007443081,,Шт., 
NUK Бутылочка из полипропилена с силиконовой соской Classic 240 мл. (0 - 6 мес.),"239,10","1,000", ,,10012981,4300007443098,,Шт., 
NUK Бутылочка из полипропилена с силиконовой соской First Choice 150мл (0 - 6мес) М,"350,00","1,000", ,,10013079,4300007442985,,Шт., 
NUK Бутылочка-поильник с колпачком Junior 300  мл. (36 мес. +),"318,00","1,000", ,,10012957,4300007340250,,Шт., 
NUK Бутылочка-поильник с колпачком Junior 300  мл. (36 мес. +),"439,90","1,000", ,,10012957,4300007443166,,Шт., 
NUK Детская щеточка с гребнем,"290,40","1,000", ,,10012992,4300007348225,,Шт., 
NUK Детские ножницы,"244,00","2,000", ,,10012965,4300007443487,,Шт., 
NUK Ёршик для бутылочек 2 в 1 с ершиком для сосок,"281,40","2,000", ,,10013099,4300007443456,,Шт., 
NUK Клипса для сосок-пустышек с цепочкой Baby Blue,"191,90","1,000", ,,10012964,4300007340304,,Шт., 
NUK Клипса для сосок-пустышек с цепочкой Baby Rose,"191,90","1,000", ,,10012963,4300007340311,,Шт., 
"NUK Комплект тренажеров для ухода за полостью рта с защитным кольцом (6 - 15 мес
)","302,40","1,000", ,,10012972,4300007340328,,Шт., 
"NUK Комплект тренажеров для ухода за полостью рта с защитным кольцом (6 - 15 мес
)","302,50","1,000", ,,10012972,4300007443449,,Шт., 
NUK Мягкая непротекающая насадка для питья из силикона,"121,70","1,000", ,,10012988,4300007340540,,Шт., 
NUK Набор столовых приборов мини (вилка и ложка),"221,90","1,000", ,,10013085,4300007443180,,Шт., 
NUK Обучающая бутылочка из полипропилена Baby Rose & Baby Blue First Choice+ 150МЛ,"364,00","2,000", ,,10012958,4300007340267,,Шт., 
NUK Обучающая бутылочка из полипропилена Baby Rose & Baby Blue First Choice+ 150МЛ,"364,00","1,000", ,,10012958,4300007443159,,Шт., 
NUK Ортодон антиколиковая соска с возд клапаном латекс (0-6 мес) M Classic,"80,60","1,000", ,,10012984,4300007443012,,Шт., 
NUK Ортодон антиколиковая соска с возд клапаном латекс (6+ ) S Classic,"80,60","1,000", ,,10012982,4300007340588,,Шт., 
NUK Ортодон антиколиковая соска с возд клапаном латекс (6+ ) S Classic,"80,60","1,000", ,,10012982,4300007443029,,Шт., 
NUK Ортодон антиколиковая соска с возд клапаном латекс (6+ ) М Classic,"80,60","1,000", ,,10012983,4300007340601,,Шт., 
NUK Ортодон антиколиковая соска с возд клапаном латекс (6+ ) М Classic,"80,60","1,000", ,,10012983,4300007443036,,Шт., 
NUK Ортодон антиколиковая соска с возд клапаном силикон (0-6 мес) M Classic,"89,40","1,000", ,,10012986,4300007340632,,Шт., 
NUK Ортодон антиколиковая соска с возд клапаном силикон (0-6 мес) M Classic,"89,50","1,000", ,,10012986,4300007443050,,Шт., 
NUK Ортодон антиколиковая соска с возд клапаном силикон (6+ ) S Classic,"89,50","1,000", ,,10012987,4300007443067,,Шт., 
NUK Ортодон антиколиковая соска с возд клапаном силикон (6+ ) М Classic,"89,40","1,000", ,,10012985,4300007340625,,Шт., 
NUK Ортодон антиколиковая соска с возд клапаном силикон (6+ ) М Classic,"89,50","1,000", ,,10012985,4300007443074,,Шт., 
